[
    {
        "id": 0,
        "name": "Gustavo Specht",
        "email": "guspecht@hotmail.com",
        "text": "1111111111111111",
        "ip": "::1",
        "date": "2020-01-15 07:05:53"
    },
    {
        "id": 1,
        "name": "Gustavo Specht",
        "email": "guspecht@hotmail.com",
        "text": "2222222222222222222",
        "ip": "::1",
        "date": "2020-01-15 07:06:00"
    },
    {
        "id": 2,
        "name": "Gustavo Specht",
        "email": "guspecht@hotmail.com",
        "text": "teste",
        "ip": "14.201.150.240",
        "date": "2020-02-24 08:38:40"
    },
    {
        "id": 3,
        "name": "Gustavo Specht",
        "email": "guspecht@hotmail.com",
        "text": "Teste",
        "ip": "61.68.70.8",
        "date": "2020-03-06 12:09:56"
    },
    {
        "id": 4,
        "name": "Eric Jones",
        "email": "eric@talkwithwebvisitor.com",
        "text": "Cool website!\r\n\r\nMy name\u2019s Eric, and I just found your site - gustavospecht.com - while surfing the net. You showed up at the top of the search results, so I checked you out. Looks like what you\u2019re doing is pretty cool.\r\n \r\nBut if you don\u2019t mind me asking \u2013 after someone like me stumbles across gustavospecht.com, what usually happens?\r\n\r\nIs your site generating leads for your business? \r\n \r\nI\u2019m guessing some, but I also bet you\u2019d like more\u2026 studies show that 7 out 10 who land on a site wind up leaving without a trace.\r\n\r\nNot good.\r\n\r\nHere\u2019s a thought \u2013 what if there was an easy way for every visitor to \u201craise their hand\u201d to get a phone call from you INSTANTLY\u2026 the second they hit your site and said, \u201ccall me now.\u201d\r\n\r\nYou can \u2013\r\n  \r\nTalk With Web Visitor is a software widget that\u2019s works on your site, ready to capture any visitor\u2019s Name, Email address and Phone Number.  It lets you know IMMEDIATELY \u2013 so that you can talk to that lead while they\u2019re literally looking over your site.\r\n\r\nCLICK HERE http:\/\/www.talkwithwebvisitor.com to try out a Live Demo with Talk With Web Visitor now to see exactly how it works.\r\n\r\nTime is money when it comes to connecting with leads \u2013 the difference between contacting someone within 5 minutes versus 30 minutes later can be huge \u2013 like 100 times better!\r\n\r\nThat\u2019s why we built out our new SMS Text With Lead feature\u2026 because once you\u2019ve captured the visitor\u2019s phone number, you can automatically start a text message (SMS) conversation.\r\n  \r\nThink about the possibilities \u2013 even if you don\u2019t close a deal then and there, you can follow up with text messages for new offers, content links, even just \u201chow you doing?\u201d notes to build a relationship.\r\n\r\nWouldn\u2019t that be cool?\r\n\r\nCLICK HERE http:\/\/www.talkwithwebvisitor.com to discover what Talk With Web Visitor can do for your business.\r\n\r\nYou could be converting up to 100X more leads today!\r\nEric\r\n\r\nPS: Talk With Web Visitor offers a FREE 14 days trial \u2013 and it even includes International Long Distance Calling. \r\nYou have customers waiting to talk with you right now\u2026 don\u2019t keep them waiting. \r\nCLICK HERE http:\/\/www.talkwithwebvisitor.com to try Talk With Web Visitor now.\r\n\r\nIf you'd like to unsubscribe click here http:\/\/talkwithwebvisitor.com\/unsubscribe.aspx?d=gustavospecht.com\r\n",
        "ip": "23.231.34.157",
        "date": "2020-03-06 07:46:37"
    },
    {
        "id": 5,
        "name": "Amy",
        "email": "amy@leggingshut.co",
        "text": "Hey my name is Amy, I am from Leggings Hut.\r\n\r\nThought I'd let you know that we ship our fitness apparel worldwide directly from New York City.\r\n\r\nFitness leggings and athletic wear for women made with quality soft material.\r\n\r\nYou will never overpay when shopping with us.\r\n\r\nDiscover our collection today http:\/\/www.leggingshut.co\r\n\r\nThanks and have a great day!",
        "ip": "217.138.200.198",
        "date": "2020-03-14 05:22:07"
    },
    {
        "id": 6,
        "name": "Mattie Rolston",
        "email": "expiry@gustavospecht.com",
        "text": "ATTN: gustavospecht.com \/ Gustavo Specht SERVICE\r\nThis notice EXPIRES ON: Mar 15, 2020.\r\n\r\nWe tried contacting you but were unable to reach you.\r\n\r\nPlease Visit: https:\/\/bit.ly\/2wU2BWw ASAP.\r\n\r\nFor information and to make a discretionary payment for gustavospecht.com services.\r\n\r\n\r\n\r\n03152020101723.\r\n",
        "ip": "168.81.94.178",
        "date": "2020-03-15 04:53:25"
    },
    {
        "id": 7,
        "name": "Eric Jones",
        "email": "eric@talkwithwebvisitor.com",
        "text": "Hey, this is Eric and I ran across gustavospecht.com a few minutes ago.\r\n\r\nLooks great\u2026 but now what?\r\n\r\nBy that I mean, when someone like me finds your website \u2013 either through Search or just bouncing around \u2013 what happens next?  Do you get a lot of leads from your site, or at least enough to make you happy?\r\n\r\nHonestly, most business websites fall a bit short when it comes to generating paying customers. Studies show that 70% of a site\u2019s visitors disappear and are gone forever after just a moment.\r\n\r\nHere\u2019s an idea\u2026\r\n \r\nHow about making it really EASY for every visitor who shows up to get a personal phone call you as soon as they hit your site\u2026\r\n \r\nYou can \u2013\r\n  \r\nTalk With Web Visitor is a software widget that\u2019s works on your site, ready to capture any visitor\u2019s Name, Email address and Phone Number.  It signals you the moment they let you know they\u2019re interested \u2013 so that you can talk to that lead while they\u2019re literally looking over your site.\r\n\r\nCLICK HERE http:\/\/www.talkwithwebvisitor.com to try out a Live Demo with Talk With Web Visitor now to see exactly how it works.\r\n\r\nYou\u2019ll be amazed - the difference between contacting someone within 5 minutes versus a half-hour or more later could increase your results 100-fold.\r\n\r\nIt gets even better\u2026 once you\u2019ve captured their phone number, with our new SMS Text With Lead feature, you can automatically start a text (SMS) conversation.\r\n  \r\nThat way, even if you don\u2019t close a deal right away, you can follow up with text messages for new offers, content links, even just \u201chow you doing?\u201d notes to build a relationship.\r\n\r\nPretty sweet \u2013 AND effective.\r\n\r\nCLICK HERE http:\/\/www.talkwithwebvisitor.com to discover what Talk With Web Visitor can do for your business.\r\n\r\nYou could be converting up to 100X more leads today!\r\n\r\nEric\r\nPS: Talk With Web Visitor offers a FREE 14 days trial \u2013 and it even includes International Long Distance Calling. \r\nYou have customers waiting to talk with you right now\u2026 don\u2019t keep them waiting. \r\nCLICK HERE http:\/\/www.talkwithwebvisitor.com to try Talk With Web Visitor now.\r\n\r\nIf you'd like to unsubscribe click here http:\/\/talkwithwebvisitor.com\/unsubscribe.aspx?d=gustavospecht.com\r\n",
        "ip": "158.222.11.229",
        "date": "2020-03-30 05:34:22"
    },
    {
        "id": 8,
        "name": "Melvina Greener",
        "email": "expiry@gustavospecht.com",
        "text": "ATTN: gustavospecht.com \/ Gustavo Specht  INTERNET SITE SERVICES\r\nThis notice EXPIRES ON: Apr 15, 2020\r\n\r\nWe  have actually not  obtained a  settlement from you.\r\nWe've tried to  call you  yet were  incapable to reach you.\r\n\r\nPlease  Go To:  https:\/\/bit.ly\/2Xy6ewB ASAP.\r\n\r\nFor  details  and also to make a  optional  settlement for services.\r\n\r\n\r\n04152020183657.\r\n",
        "ip": "66.146.237.68",
        "date": "2020-04-15 10:36:59"
    },
    {
        "id": 9,
        "name": "Eric Jones",
        "email": "eric@talkwithwebvisitor.com",
        "text": "Hey there, I just found your site, quick question\u2026\r\n\r\nMy name\u2019s Eric, I found gustavospecht.com after doing a quick search \u2013 you showed up near the top of the rankings, so whatever you\u2019re doing for SEO, looks like it\u2019s working well.\r\n\r\nSo here\u2019s my question \u2013 what happens AFTER someone lands on your site?  Anything?\r\n\r\nResearch tells us at least 70% of the people who find your site, after a quick once-over, they disappear\u2026 forever.\r\n\r\nThat means that all the work and effort you put into getting them to show up, goes down the tubes.\r\n\r\nWhy would you want all that good work \u2013 and the great site you\u2019ve built \u2013 go to waste?\r\n\r\nBecause the odds are they\u2019ll just skip over calling or even grabbing their phone, leaving you high and dry.\r\n\r\nBut here\u2019s a thought\u2026 what if you could make it super-simple for someone to raise their hand, say, \u201cokay, let\u2019s talk\u201d without requiring them to even pull their cell phone from their pocket?\r\n  \r\nYou can \u2013 thanks to revolutionary new software that can literally make that first call happen NOW.\r\n\r\nTalk With Web Visitor is a software widget that sits on your site, ready and waiting to capture any visitor\u2019s Name, Email address and Phone Number.  It lets you know IMMEDIATELY \u2013 so that you can talk to that lead while they\u2019re still there at your site.\r\n  \r\nYou know, strike when the iron\u2019s hot!\r\n\r\nCLICK HERE http:\/\/www.talkwithwebvisitor.com to try out a Live Demo with Talk With Web Visitor now to see exactly how it works.\r\n\r\nWhen targeting leads, you HAVE to act fast \u2013 the difference between contacting someone within 5 minutes versus 30 minutes later is huge \u2013 like 100 times better!\r\n\r\nThat\u2019s why you should check out our new SMS Text With Lead feature as well\u2026 once you\u2019ve captured the phone number of the website visitor, you can automatically kick off a text message (SMS) conversation with them. \r\n \r\nImagine how powerful this could be \u2013 even if they don\u2019t take you up on your offer immediately, you can stay in touch with them using text messages to make new offers, provide links to great content, and build your credibility.\r\n\r\nJust this alone could be a game changer to make your website even more effective.\r\n\r\nStrike when  the iron\u2019s hot!\r\n\r\nCLICK HERE http:\/\/www.talkwithwebvisitor.com to learn more about everything Talk With Web Visitor can do for your business \u2013 you\u2019ll be amazed.\r\n\r\nThanks and keep up the great work!\r\n\r\nEric\r\nPS: Talk With Web Visitor offers a FREE 14 days trial \u2013 you could be converting up to 100x more leads immediately!   \r\nIt even includes International Long Distance Calling. \r\nStop wasting money chasing eyeballs that don\u2019t turn into paying customers. \r\nCLICK HERE http:\/\/www.talkwithwebvisitor.com to try Talk With Web Visitor now.\r\n\r\nIf you'd like to unsubscribe click here http:\/\/talkwithwebvisitor.com\/unsubscribe.aspx?d=gustavospecht.com\r\n",
        "ip": "207.244.118.211",
        "date": "2020-04-19 09:33:44"
    },
    {
        "id": 10,
        "name": "Eric Jones",
        "email": "eric@talkwithwebvisitor.com",
        "text": "Cool website!\r\n\r\nMy name\u2019s Eric, and I just found your site - gustavospecht.com - while surfing the net. You showed up at the top of the search results, so I checked you out. Looks like what you\u2019re doing is pretty cool.\r\n \r\nBut if you don\u2019t mind me asking \u2013 after someone like me stumbles across gustavospecht.com, what usually happens?\r\n\r\nIs your site generating leads for your business? \r\n \r\nI\u2019m guessing some, but I also bet you\u2019d like more\u2026 studies show that 7 out 10 who land on a site wind up leaving without a trace.\r\n\r\nNot good.\r\n\r\nHere\u2019s a thought \u2013 what if there was an easy way for every visitor to \u201craise their hand\u201d to get a phone call from you INSTANTLY\u2026 the second they hit your site and said, \u201ccall me now.\u201d\r\n\r\nYou can \u2013\r\n  \r\nTalk With Web Visitor is a software widget that\u2019s works on your site, ready to capture any visitor\u2019s Name, Email address and Phone Number.  It lets you know IMMEDIATELY \u2013 so that you can talk to that lead while they\u2019re literally looking over your site.\r\n\r\nCLICK HERE http:\/\/www.talkwithwebvisitor.com to try out a Live Demo with Talk With Web Visitor now to see exactly how it works.\r\n\r\nTime is money when it comes to connecting with leads \u2013 the difference between contacting someone within 5 minutes versus 30 minutes later can be huge \u2013 like 100 times better!\r\n\r\nThat\u2019s why we built out our new SMS Text With Lead feature\u2026 because once you\u2019ve captured the visitor\u2019s phone number, you can automatically start a text message (SMS) conversation.\r\n  \r\nThink about the possibilities \u2013 even if you don\u2019t close a deal then and there, you can follow up with text messages for new offers, content links, even just \u201chow you doing?\u201d notes to build a relationship.\r\n\r\nWouldn\u2019t that be cool?\r\n\r\nCLICK HERE http:\/\/www.talkwithwebvisitor.com to discover what Talk With Web Visitor can do for your business.\r\n\r\nYou could be converting up to 100X more leads today!\r\nEric\r\n\r\nPS: Talk With Web Visitor offers a FREE 14 days trial \u2013 and it even includes International Long Distance Calling. \r\nYou have customers waiting to talk with you right now\u2026 don\u2019t keep them waiting. \r\nCLICK HERE http:\/\/www.talkwithwebvisitor.com to try Talk With Web Visitor now.\r\n\r\nIf you'd like to unsubscribe click here http:\/\/talkwithwebvisitor.com\/unsubscribe.aspx?d=gustavospecht.com\r\n",
        "ip": "107.158.232.98",
        "date": "2020-05-08 07:05:34"
    },
    {
        "id": 11,
        "name": "Eric Jones",
        "email": "eric@talkwithwebvisitor.com",
        "text": "Hi, my name is Eric and I\u2019m betting you\u2019d like your website gustavospecht.com to generate more leads.\r\n\r\nHere\u2019s how:\r\nTalk With Web Visitor is a software widget that\u2019s works on your site, ready to capture any visitor\u2019s Name, Email address and Phone Number.  It signals you as soon as they say they\u2019re interested \u2013 so that you can talk to that lead while they\u2019re still there at gustavospecht.com.\r\n\r\nTalk With Web Visitor \u2013 CLICK HERE http:\/\/www.talkwithwebvisitor.com for a live demo now.\r\n\r\nAnd now that you\u2019ve got their phone number, our new SMS Text With Lead feature enables you to start a text (SMS) conversation \u2013 answer questions, provide more info, and close a deal that way.\r\n\r\nIf they don\u2019t take you up on your offer then, just follow up with text messages for new offers, content links, even just \u201chow you doing?\u201d notes to build a relationship.\r\n\r\nCLICK HERE http:\/\/www.talkwithwebvisitor.com to discover what Talk With Web Visitor can do for your business.\r\n\r\nThe difference between contacting someone within 5 minutes versus a half-hour means you could be converting up to 100X more leads today!\r\n\r\nTry Talk With Web Visitor and get more leads now.\r\n\r\nEric\r\nPS: The studies show 7 out of 10 visitors don\u2019t hang around \u2013 you can\u2019t afford to lose them!\r\nTalk With Web Visitor offers a FREE 14 days trial \u2013 and it even includes International Long Distance Calling. \r\nYou have customers waiting to talk with you right now\u2026 don\u2019t keep them waiting. \r\nCLICK HERE http:\/\/www.talkwithwebvisitor.com to try Talk With Web Visitor now.\r\n\r\nIf you'd like to unsubscribe click here http:\/\/talkwithwebvisitor.com\/unsubscribe.aspx?d=gustavospecht.com\r\n",
        "ip": "209.99.175.132",
        "date": "2020-05-09 07:18:41"
    },
    {
        "id": 12,
        "name": "Gustavo Specht",
        "email": "guspecht@hotmail.com",
        "text": "Testando",
        "ip": "115.64.213.235",
        "date": "2020-06-02 03:19:52"
    },
    {
        "id": 13,
        "name": "Eric Jones",
        "email": "eric@talkwithwebvisitor.com",
        "text": "Hey, this is Eric and I ran across gustavospecht.com a few minutes ago.\r\n\r\nLooks great\u2026 but now what?\r\n\r\nBy that I mean, when someone like me finds your website \u2013 either through Search or just bouncing around \u2013 what happens next?  Do you get a lot of leads from your site, or at least enough to make you happy?\r\n\r\nHonestly, most business websites fall a bit short when it comes to generating paying customers. Studies show that 70% of a site\u2019s visitors disappear and are gone forever after just a moment.\r\n\r\nHere\u2019s an idea\u2026\r\n \r\nHow about making it really EASY for every visitor who shows up to get a personal phone call you as soon as they hit your site\u2026\r\n \r\nYou can \u2013\r\n  \r\nTalk With Web Visitor is a software widget that\u2019s works on your site, ready to capture any visitor\u2019s Name, Email address and Phone Number.  It signals you the moment they let you know they\u2019re interested \u2013 so that you can talk to that lead while they\u2019re literally looking over your site.\r\n\r\nCLICK HERE http:\/\/www.talkwithwebvisitor.com to try out a Live Demo with Talk With Web Visitor now to see exactly how it works.\r\n\r\nYou\u2019ll be amazed - the difference between contacting someone within 5 minutes versus a half-hour or more later could increase your results 100-fold.\r\n\r\nIt gets even better\u2026 once you\u2019ve captured their phone number, with our new SMS Text With Lead feature, you can automatically start a text (SMS) conversation.\r\n  \r\nThat way, even if you don\u2019t close a deal right away, you can follow up with text messages for new offers, content links, even just \u201chow you doing?\u201d notes to build a relationship.\r\n\r\nPretty sweet \u2013 AND effective.\r\n\r\nCLICK HERE http:\/\/www.talkwithwebvisitor.com to discover what Talk With Web Visitor can do for your business.\r\n\r\nYou could be converting up to 100X more leads today!\r\n\r\nEric\r\nPS: Talk With Web Visitor offers a FREE 14 days trial \u2013 and it even includes International Long Distance Calling. \r\nYou have customers waiting to talk with you right now\u2026 don\u2019t keep them waiting. \r\nCLICK HERE http:\/\/www.talkwithwebvisitor.com to try Talk With Web Visitor now.\r\n\r\nIf you'd like to unsubscribe click here http:\/\/talkwithwebvisitor.com\/unsubscribe.aspx?d=gustavospecht.com\r\n",
        "ip": "96.8.119.75",
        "date": "2020-06-06 02:24:35"
    },
    {
        "id": 14,
        "name": "Eric Jones",
        "email": "eric@talkwithwebvisitor.com",
        "text": "Hey there, I just found your site, quick question\u2026\r\n\r\nMy name\u2019s Eric, I found gustavospecht.com after doing a quick search \u2013 you showed up near the top of the rankings, so whatever you\u2019re doing for SEO, looks like it\u2019s working well.\r\n\r\nSo here\u2019s my question \u2013 what happens AFTER someone lands on your site?  Anything?\r\n\r\nResearch tells us at least 70% of the people who find your site, after a quick once-over, they disappear\u2026 forever.\r\n\r\nThat means that all the work and effort you put into getting them to show up, goes down the tubes.\r\n\r\nWhy would you want all that good work \u2013 and the great site you\u2019ve built \u2013 go to waste?\r\n\r\nBecause the odds are they\u2019ll just skip over calling or even grabbing their phone, leaving you high and dry.\r\n\r\nBut here\u2019s a thought\u2026 what if you could make it super-simple for someone to raise their hand, say, \u201cokay, let\u2019s talk\u201d without requiring them to even pull their cell phone from their pocket?\r\n  \r\nYou can \u2013 thanks to revolutionary new software that can literally make that first call happen NOW.\r\n\r\nTalk With Web Visitor is a software widget that sits on your site, ready and waiting to capture any visitor\u2019s Name, Email address and Phone Number.  It lets you know IMMEDIATELY \u2013 so that you can talk to that lead while they\u2019re still there at your site.\r\n  \r\nYou know, strike when the iron\u2019s hot!\r\n\r\nCLICK HERE http:\/\/www.talkwithwebvisitor.com to try out a Live Demo with Talk With Web Visitor now to see exactly how it works.\r\n\r\nWhen targeting leads, you HAVE to act fast \u2013 the difference between contacting someone within 5 minutes versus 30 minutes later is huge \u2013 like 100 times better!\r\n\r\nThat\u2019s why you should check out our new SMS Text With Lead feature as well\u2026 once you\u2019ve captured the phone number of the website visitor, you can automatically kick off a text message (SMS) conversation with them. \r\n \r\nImagine how powerful this could be \u2013 even if they don\u2019t take you up on your offer immediately, you can stay in touch with them using text messages to make new offers, provide links to great content, and build your credibility.\r\n\r\nJust this alone could be a game changer to make your website even more effective.\r\n\r\nStrike when  the iron\u2019s hot!\r\n\r\nCLICK HERE http:\/\/www.talkwithwebvisitor.com to learn more about everything Talk With Web Visitor can do for your business \u2013 you\u2019ll be amazed.\r\n\r\nThanks and keep up the great work!\r\n\r\nEric\r\nPS: Talk With Web Visitor offers a FREE 14 days trial \u2013 you could be converting up to 100x more leads immediately!   \r\nIt even includes International Long Distance Calling. \r\nStop wasting money chasing eyeballs that don\u2019t turn into paying customers. \r\nCLICK HERE http:\/\/www.talkwithwebvisitor.com to try Talk With Web Visitor now.\r\n\r\nIf you'd like to unsubscribe click here http:\/\/talkwithwebvisitor.com\/unsubscribe.aspx?d=gustavospecht.com\r\n",
        "ip": "96.8.119.86",
        "date": "2020-06-10 08:40:18"
    },
    {
        "id": 15,
        "name": "Ash Mansukhani",
        "email": "payment@techknowspace.com",
        "text": "Hello, \r\n\r\nMy Name is Ash and I Run Tech Know Space https:\/\/techknowspace.com We are your Premium GO-TO Service Centre for All Logic Board & Mainboard Repair\r\n\r\nWhen other shops say \"it can't be fixed\" WE CAN HELP!\r\n\r\nALL iPHONE 8 & NEWER\r\nBACK GLASS REPAIR - 1 HOUR\r\n \r\nDevices We Repair\r\nAudio Devices Audio Device Repair\r\n\r\nBluetooth Speakers - Headphones - iPod Touch\r\nComputers All Computer Repair\r\n\r\nAll Brands & Models - Custom Built - PC & Mac\r\nGame Consoles Game Console Repair\r\n\r\nPS4 - XBox One - Nintendo Switch\r\nLaptops All Laptop Repair\r\n\r\nAll Brands & Models - Acer, Asus, Compaq, Dell, HP, Lenovo, Toshiba\r\nMacBooks All MacBook Repair\r\n\r\nAll Series & Models - Air, Classic, Pro\r\nPhones All Phone Repair\r\n\r\nAll Brands & Models - BlackBerry, Huawei, iPhone, LG, OnePlus, Samsung, Sony\r\nSmart Watches Apple Watch Repair\r\n\r\nApple Watch - Samsung Gear - Moto 360\r\nTablets All Tablet Repair\r\n\r\nAll Brands & Models - iPad, Lenovo Yoga, Microsoft Surface, Samsung Tab\r\n\r\nDrone Repair\r\n\r\nCall us and tell us your issues today!\r\n\r\nToll Free: (888) 938-8893 \r\nhttps:\/\/techknowspace.com\r\n\r\nAsh Mansukhani\r\nash@techknowspace.com\r\nhttps:\/\/twitter.com\/techknowspace\r\nhttps:\/\/www.linkedin.com\/company\/the-techknow-space",
        "ip": "68.235.43.76",
        "date": "2020-07-01 11:07:20"
    },
    {
        "id": 16,
        "name": "Loreen Clutterbuck",
        "email": "clutterbuck.loreen@gmail.com",
        "text": "Hi there,\r\n\r\nRead this if you haven\u2019t made your first $100 from  gustavospecht.com online yet...\r\n \r\nI've heard it a million times...\r\n\r\nI'm going to quit my job, I'm going to start my own business, I'm going to live where I want, and I'm going to live the dream...\r\n\r\nEnough talk.\r\n\r\nEveryone's got a vision.\r\n\r\nFine.\r\n\r\nWhat exactly have you done lately to make it come true?\r\n\r\nNot much, you say?\r\n\r\nIf everyone suddenly got injected with the truth serum, you'd hear people talk a different game:\r\n\r\nI've got huge dreams. But I'm a failure, because I did nothing to make these dreams come true. I'm too afraid to start. I procrastinate about taking action. I will probably never do anything or amount to anything in my life, because I choose to stay in my comfort zone.\r\n\r\nIncidentally, the first step to changing your life is to be honest about how you feel.\r\n\r\nAre you afraid?\r\n\r\nFine.\r\n\r\nAre you anxious?\r\n\r\nFine.\r\n\r\nDo you procrastinate?\r\n\r\nGreat.\r\n\r\nThis means you have to start with a tiny step.\r\n\r\nSomething that isn't as intimidating as making a million dollars in the next 12 months.\r\n\r\nHow about making your first $100.00 online?\r\n\r\nDoesn't sound too far out of reach, right?\r\n\r\nHere's a great place to start\r\n==> http:\/\/www.zoomsoft.net\/12Minute\r\n\r\n\r\nIf you would like to stop future emails, http:\/\/www.zoomsoft.net\/12MinuteUnsubscribe\r\n",
        "ip": "107.172.71.73",
        "date": "2020-07-12 06:25:59"
    },
    {
        "id": 17,
        "name": "Eric Jones",
        "email": "eric@talkwithwebvisitor.com",
        "text": "Hi, Eric here with a quick thought about your website gustavospecht.com...\r\n\r\nI\u2019m on the internet a lot and I look at a lot of business websites.\r\n\r\nLike yours, many of them have great content. \r\n\r\nBut all too often, they come up short when it comes to engaging and connecting with anyone who visits.\r\n\r\nI get it \u2013 it\u2019s hard.  Studies show 7 out of 10 people who land on a site, abandon it in moments without leaving even a trace.  You got the eyeball, but nothing else.\r\n\r\nHere\u2019s a solution for you\u2026\r\n\r\nTalk With Web Visitor is a software widget that\u2019s works on your site, ready to capture any visitor\u2019s Name, Email address and Phone Number.  You\u2019ll know immediately they\u2019re interested and you can call them directly to talk with them literally while they\u2019re still on the web looking at your site.\r\n\r\nCLICK HERE http:\/\/www.talkwithwebvisitor.com to try out a Live Demo with Talk With Web Visitor now to see exactly how it works.\r\n\r\nIt could be huge for your business \u2013 and because you\u2019ve got that phone number, with our new SMS Text With Lead feature, you can automatically start a text (SMS) conversation \u2013 immediately\u2026 and contacting someone in that 5 minute window is 100 times more powerful than reaching out 30 minutes or more later.\r\n\r\nPlus, with text messaging you can follow up later with new offers, content links, even just follow up notes to keep the conversation going.\r\n\r\nEverything I\u2019ve just described is extremely simple to implement, cost-effective, and profitable. \r\n \r\nCLICK HERE http:\/\/www.talkwithwebvisitor.com to discover what Talk With Web Visitor can do for your business.\r\n\r\nYou could be converting up to 100X more eyeballs into leads today!\r\n\r\nEric\r\nPS: Talk With Web Visitor offers a FREE 14 days trial \u2013 and it even includes International Long Distance Calling. \r\nYou have customers waiting to talk with you right now\u2026 don\u2019t keep them waiting. \r\nCLICK HERE http:\/\/www.talkwithwebvisitor.com to try Talk With Web Visitor now.\r\n\r\nIf you'd like to unsubscribe click here http:\/\/talkwithwebvisitor.com\/unsubscribe.aspx?d=gustavospecht.com\r\n",
        "ip": "23.95.81.150",
        "date": "2020-07-23 07:42:06"
    },
    {
        "id": 18,
        "name": "Eric Jones",
        "email": "eric@talkwithwebvisitor.com",
        "text": "Hello, my name\u2019s Eric and I just ran across your website at gustavospecht.com...\r\n\r\nI found it after a quick search, so your SEO\u2019s working out\u2026\r\n\r\nContent looks pretty good\u2026\r\n\r\nOne thing\u2019s missing though\u2026\r\n\r\nA QUICK, EASY way to connect with you NOW.\r\n\r\nBecause studies show that a web lead like me will only hang out a few seconds \u2013 7 out of 10 disappear almost instantly, Surf Surf Surf\u2026 then gone forever.\r\n\r\nI have the solution:\r\n\r\nTalk With Web Visitor is a software widget that\u2019s works on your site, ready to capture any visitor\u2019s Name, Email address and Phone Number.  You\u2019ll know immediately they\u2019re interested and you can call them directly to TALK with them - literally while they\u2019re still on the web looking at your site.\r\n\r\nCLICK HERE http:\/\/www.talkwithwebvisitors.com to try out a Live Demo with Talk With Web Visitor now to see exactly how it works and even give it a try\u2026 it could be huge for your business.\r\n\r\nPlus, now that you\u2019ve got that phone number, with our new SMS Text With Lead feature, you can automatically start a text (SMS) conversation pronto\u2026 which is so powerful, because connecting with someone within the first 5 minutes is 100 times more effective than waiting 30 minutes or more later.\r\n\r\nThe new text messaging feature lets you follow up regularly with new offers, content links, even just follow up notes to build a relationship.\r\n\r\nEverything I\u2019ve just described is extremely simple to implement, cost-effective, and profitable.\r\n \r\nCLICK HERE http:\/\/www.talkwithwebvisitors.com to discover what Talk With Web Visitor can do for your business, potentially converting up to 100X more eyeballs into leads today!\r\n\r\nEric\r\nPS: Talk With Web Visitor offers a FREE 14 days trial \u2013 and it even includes International Long Distance Calling. \r\nYou have customers waiting to talk with you right now\u2026 don\u2019t keep them waiting. \r\nCLICK HERE http:\/\/www.talkwithwebvisitors.com to try Talk With Web Visitor now.\r\n\r\nIf you'd like to unsubscribe click here http:\/\/talkwithwebvisitors.com\/unsubscribe.aspx?d=gustavospecht.com\r\n",
        "ip": "209.242.216.71",
        "date": "2020-10-15 05:28:25"
    }
]